feature,coefficient,abs_coefficient
LABFORCE,29780.72192196193,29780.72192196193
RETCONT,22199.50608524878,22199.50608524878
CLASSWKR,-12805.383977958598,12805.383977958598
EDUC,12180.822053937143,12180.822053937143
SEX,-10913.703135719477,10913.703135719477
